{
  "run_id": "20260723T001223Z",
  "mode": "live",
  "config_path": "configs/experiments/benchmark-v01.yaml",
  "embedding": {
    "model": "gemini-embedding-001",
    "dimensions": 1536
  },
  "reranker_model": "cross-encoder/ms-marco-MiniLM-L-6-v2",
  "contextualizer_model": "gemini-3.1-flash-lite",
  "summarizer_model": "gemini-3.1-flash-lite",
  "graphrag_llm_model": "gemini-3.1-flash-lite",
  "graphrag_mode": "local",
  "k": 5,
  "n_chunks": 465,
  "metrics": {
    "dense": {
      "recall_at_k": 0.9473684210526315,
      "precision_at_k": 0.26315789473684215,
      "ndcg_at_k": 0.8254757518001955,
      "mrr": 0.7894736842105263,
      "k": 5.0,
      "n": 19.0
    },
    "sparse_bm25": {
      "recall_at_k": 0.6578947368421053,
      "precision_at_k": 0.18947368421052632,
      "ndcg_at_k": 0.49659401793880914,
      "mrr": 0.43859649122807015,
      "k": 5.0,
      "n": 19.0
    },
    "hybrid_rrf": {
      "recall_at_k": 0.9473684210526315,
      "precision_at_k": 0.26315789473684215,
      "ndcg_at_k": 0.7582697131525727,
      "mrr": 0.6903508771929825,
      "k": 5.0,
      "n": 19.0
    },
    "reranked": {
      "recall_at_k": 0.7631578947368421,
      "precision_at_k": 0.2105263157894737,
      "ndcg_at_k": 0.6522771443053881,
      "mrr": 0.6403508771929824,
      "k": 5.0,
      "n": 19.0
    },
    "parent_child": {
      "recall_at_k": 0.9473684210526315,
      "precision_at_k": 0.3026315789473684,
      "ndcg_at_k": 0.8449005016122241,
      "mrr": 0.8157894736842105,
      "k": 5.0,
      "n": 19.0
    },
    "contextual": {
      "recall_at_k": 0.9078947368421053,
      "precision_at_k": 0.2736842105263158,
      "ndcg_at_k": 0.7534777550074311,
      "mrr": 0.7254385964912281,
      "k": 5.0,
      "n": 19.0
    },
    "raptor": {
      "recall_at_k": 0.9605263157894737,
      "precision_at_k": 0.5052631578947369,
      "ndcg_at_k": 0.8048019775970073,
      "mrr": 0.7912280701754386,
      "k": 5.0,
      "n": 19.0
    },
    "graphrag": {
      "recall_at_k": 0.8421052631578947,
      "precision_at_k": 0.23157894736842108,
      "ndcg_at_k": 0.7232825999888768,
      "mrr": 0.7017543859649122,
      "k": 5.0,
      "n": 19.0
    }
  }
}