{
  "run_id": "20260723T221236Z",
  "mode": "live",
  "config_path": "configs/experiments/benchmark-v01.yaml",
  "embedding": {
    "model": "gemini-embedding-001",
    "dimensions": 1536
  },
  "reranker_model": "cross-encoder/ms-marco-MiniLM-L-6-v2",
  "contextualizer_model": "gemini-3.1-flash-lite",
  "summarizer_model": "gemini-3.1-flash-lite",
  "graphrag_llm_model": "gemini-3.1-flash-lite",
  "graphrag_mode": "local",
  "generation_model": "gemini-3.1-flash-lite",
  "judge_model": "gemini-3.1-flash-lite",
  "k": 5,
  "n_chunks": 735,
  "metrics": {
    "dense": {
      "recall_at_k": 0.9557077625570777,
      "precision_at_k": 0.25296803652968036,
      "ndcg_at_k": 0.925337830224588,
      "mrr": 0.9375951293759512,
      "k": 5.0,
      "n": 219.0,
      "errors": 0.0,
      "citation_accuracy": 0.6591157822809199,
      "faithfulness": NaN,
      "answer_relevancy": 0.8961740856796329,
      "answer_n": 218.0,
      "answer_errors": 1.0
    },
    "sparse_bm25": {
      "recall_at_k": 0.910958904109589,
      "precision_at_k": 0.22557077625570776,
      "ndcg_at_k": 0.8458042240958054,
      "mrr": 0.8533485540334855,
      "k": 5.0,
      "n": 219.0,
      "errors": 0.0,
      "citation_accuracy": 0.6397535313819718,
      "faithfulness": NaN,
      "answer_relevancy": 0.8616308094291161,
      "answer_n": 218.0,
      "answer_errors": 1.0
    },
    "hybrid_rrf": {
      "recall_at_k": 0.9598173515981735,
      "precision_at_k": 0.2484018264840183,
      "ndcg_at_k": 0.9194175108157908,
      "mrr": 0.9315068493150684,
      "k": 5.0,
      "n": 219.0,
      "errors": 0.0,
      "citation_accuracy": 0.6596276483373258,
      "faithfulness": NaN,
      "answer_relevancy": 0.8990548275588984,
      "answer_n": 217.0,
      "answer_errors": 2.0
    },
    "reranked": {
      "recall_at_k": 0.8808219178082192,
      "precision_at_k": 0.20547945205479454,
      "ndcg_at_k": 0.8066878923032164,
      "mrr": 0.8105022831050228,
      "k": 5.0,
      "n": 219.0,
      "errors": 0.0,
      "citation_accuracy": 0.6323496651837666,
      "faithfulness": NaN,
      "answer_relevancy": 0.8277884006811124,
      "answer_n": 217.0,
      "answer_errors": 2.0
    },
    "parent_child": {
      "recall_at_k": 0.9557077625570777,
      "precision_at_k": 0.28622526636225265,
      "ndcg_at_k": 0.9265385800272361,
      "mrr": 0.9406392694063926,
      "k": 5.0,
      "n": 219.0,
      "errors": 0.0,
      "citation_accuracy": 0.6481780451963938,
      "faithfulness": NaN,
      "answer_relevancy": 0.9001799851374453,
      "answer_n": 218.0,
      "answer_errors": 1.0
    }
  }
}